word,frequency
the,64020
and,51696
of,34667
to,13580
that,12912
in,12667
he,10419
shall,9838
unto,8997
for,8970
i,8854
his,8473
a,8177
lord,7830
they,7376
be,7013
is,6989
him,6659
not,6596
them,6430
it,6129
with,6012
all,5620
thou,5474
thy,4600
was,4522
god,4442
which,4413
my,4368
me,4096
said,3999
but,3992
ye,3983
their,3932
have,3904
will,3836
thee,3826
from,3642
as,3520
are,2950
when,2834
this,2785
out,2775
were,2772
upon,2748
by,2625
you,2614
man,2613
israel,2565
up,2380
son,2370
there,2299
hath,2264
king,2257
then,2169
people,2139
came,2093
had,2026
house,2024
into,2015
on,2011
her,1994
come,1971
one,1967
we,1844
children,1802
before,1796
your,1778
also,1769
day,1734
land,1718
an,1699
so,1689
against,1667
men,1653
shalt,1616
if,1595
at,1570
let,1511
go,1492
hand,1466
us,1448
saying,1445
made,1405
went,1400
no,1394
even,1393
do,1368
now,1356
behold,1326
saith,1262
therefore,1237
every,1236
these,1225
because,1209
after,1179
our,1165
things,1162
down,1125
or,1122
sons,1116
hast,1070
o,1065
say,1056
make,1056
may,1027
david,1011
over,1008
did,1006
earth,987
what,985
jesus,983
she,982
father,979
who,968
great,962
thine,938
name,928
among,916
away,915
any,912
put,911
thereof,906
forth,888
give,880
neither,879
days,877
take,874
am,874
city,868
brought,863
moses,851
two,835
heart,830
pass,830
judah,812
jerusalem,811
according,797
should,783
know,763
whom,763
nor,755
took,750
thus,737
bring,725
offering,724
good,720
place,716
word,697
fathers,696
set,695
more,686
sent,685
yet,683
again,672
like,669
way,664
eat,655
mine,649
heard,641
called,633
about,632
kings,624
time,623
evil,613
egypt,611
holy,611
see,597
own,596
hundred,590
spake,587
heaven,582
done,565
brethren,563
many,556
christ,555
hear,550
fire,549
words,548
saw,548
how,543
thing,542
years,541
himself,527
law,523
thousand,520
speak,513
off,507
voice,505
spirit,505
eyes,503
cast,501
given,498
priest,497
art,494
answered,492
servants,489
servant,489
three,485
together,484
than,482
ever,476
might,475
those,465
gave,465
other,464
seven,463
through,463
hands,462
soul,458
would,451
life,450
another,448
cities,448
blood,447
sin,447
priests,447
first,443
commanded,443
side,442
peace,429
without,426
sword,424
mouth,423
flesh,420
work,419
gold,417
high,416
face,416
themselves,409
found,402
glory,402
where,401
sea,400
fear,400
water,396
wife,396
under,392
saul,389
old,380
altar,378
death,372
drink,369
brother,367
year,367
burnt,366
until,366
congregation,364
head,364
midst,364
dead,364
keep,362
both,361
bread,361
right,359
none,358
jacob,358
woman,357
wherefore,348
left,348
toward,346
five,345
wicked,344
kingdom,342
yea,340
stood,339
taken,338
dwell,338
nations,336
sight,333
same,332
been,331
cause,328
four,328
tabernacle,328
daughter,324
die,321
cut,320
round,320
silver,320
aaron,319
whose,314
pray,313
love,310
night,307
end,307
righteousness,306
wilderness,304
blessed,302
young,300
hosts,299
deliver,296
judgment,294
twenty,293
covenant,292
field,291
being,291
meat,290
delivered,290
turned,287
spoken,287
world,287
much,287
waters,287
babylon,286
surely,284
mighty,284
chief,283
turn,283
told,282
cometh,282
why,282
solomon,280
laid,279
seed,279
iniquity,278
seen,277
written,277
princes,276
mercy,276
rest,275
gate,275
stand,274
power,272
light,272
gods,270
enemies,269
gathered,267
offerings,265
levites,265
mount,263
return,263
destroy,261
full,260
very,257
jews,257
feet,256
well,256
strong,255
daughters,255
philistines,254
only,253
fall,252
month,250
whole,250
such,249
ten,248
live,247
wise,247
faith,247
praise,246
mother,245
wilt,245
disciples,244
seek,244
prophet,244
multitude,243
fell,243
strength,242
little,242
tribe,241
lay,241
concerning,241
prophets,241
lest,240
inheritance,239
works,238
righteous,238
offer,236
truth,235
can,235
send,234
wisdom,234
anger,234
though,233
save,233
some,232
between,232
abraham,231
wine,231
ark,230
therein,229
smote,229
shew,228
joseph,228
morning,227
dwelt,226
nothing,225
begat,225
war,225
pharaoh,225
above,223
known,222
sacrifice,218
tell,217
joshua,217
departed,216
places,215
thyself,215
bear,215
part,214
while,214
cubits,213
gone,213
book,213
long,212
walk,212
near,211
serve,209
fruit,208
doth,207
poor,205
ways,205
temple,204
six,202
oil,202
inhabitants,202
child,201
angel,201
died,201
tree,201
cried,199
wrath,198
jordan,197
certain,196
slew,196
manner,196
call,195
unclean,194
rejoice,194
having,193
afraid,193
sat,192
host,192
ground,192
yourselves,191
stone,191
judge,191
door,190
twelve,188
sheep,187
broken,186
within,186
hold,185
third,185
bare,185
returned,184
cannot,184
slain,183
whosoever,182
cry,181
women,181
beast,180
stones,179
wall,179
second,179
country,179
began,179
elders,179
number,178
mountains,178
commandment,177
receive,176
reigned,176
lords,176
throne,176
river,175
kept,175
body,174
thirty,174
families,174
arose,173
sins,173
ephraim,173
far,173
knowledge,172
whether,171
commandments,171
battle,170
moreover,170
paul,170
grace,170
knew,169
till,169
built,169
moab,168
reign,168
wherein,167
destroyed,167
could,166
joy,165
gather,165
salvation,164
build,163
here,162
benjamin,162
darkness,162
throughout,162
passed,161
sun,160
received,160
peter,160
understanding,160
able,160
filled,159
lo,159
border,158
born,158
lifted,158
fifty,157
east,157
master,157
beasts,157
trees,157
forty,157
find,156
look,156
lie,155
back,154
vessels,154
cattle,153
hearken,153
zion,152
whatsoever,152
new,151
ears,151
heathen,150
enter,149
arise,149
desolate,148
remember,148
jeremiah,148
living,147
fled,146
nation,145
honour,145
carried,145
times,145
sake,145
thence,145
gates,144
samuel,144
south,143
offered,143
counsel,143
looked,143
manasseh,143
believe,143
rise,142
wood,140
break,140
verily,140
money,140
valley,139
captain,139
burn,138
sanctuary,137
joab,137
opened,137
camp,136
mountain,136
sabbath,136
houses,136
half,136
john,136
witness,135
become,135
goeth,135
most,135
shewed,135
heavens,134
trust,134
clean,133
wives,133
statutes,132
meet,132
service,132
north,132
beside,132
must,132
answer,131
rose,131
fat,130
hid,129
incense,129
gentiles,129
tongue,129
hope,129
stranger,129
isaac,128
hezekiah,128
numbered,128
judgments,127
names,127
captivity,127
bless,127
wickedness,127
sought,126
help,126
appointed,126
giveth,126
maketh,126
brass,126
depart,125
kill,125
smite,125
whither,124
open,124
samaria,124
wind,123
feast,123
family,123
chosen,123
didst,122
walked,122
ashamed,122
court,122
mans,122
pieces,121
ear,120
seventh,120
husband,120
perish,120
captains,119
sing,119
lips,119
rock,119
sinned,119
asked,119
generations,118
myself,118
assyria,118
jonathan,118
spoil,118
get,118
slay,117
better,117
hearts,116
seeing,116
believed,116
presence,116
suburbs,115
eye,115
leave,115
mayest,114
tribes,113
firstborn,113
fine,113
chariots,113
sit,113
vain,112
lot,111
horses,111
flock,111
desire,111
beloved,111
heads,110
trouble,110
wherewith,110
prayer,109
sister,109
ghost,109
spread,109
ask,109
sweet,108
followed,108
dust,108
alone,108
worship,108
teach,108
neighbour,107
generation,107
enemy,107
cloud,107
entered,107
fight,107
likewise,107
beginning,106
present,106
became,106
possess,106
wait,106
woe,106
buried,106
shut,105
lamb,105
covered,105
eaten,105
gospel,105
flee,105
lift,104
bound,104
command,104
saved,104
knoweth,104
possession,104
bullock,104
linen,104
garments,103
absalom,103
charge,102
corn,102
rain,102
jeroboam,102
idols,102
prince,102
oxen,102
egyptians,102
morrow,102
curse,101
utterly,101
prepared,101
iron,101
clothes,101
still,101
image,100
bow,100
minister,100
shame,100
coming,100
gilead,100
nigh,100
wrought,100
ready,100
portion,100
perfect,99
bones,99
tent,98
sore,98
riches,98
burned,98
anointed,98
plague,98
lion,98
loved,98
ram,97
small,97
goats,97
everlasting,97
pure,97
ought,97
liveth,96
angels,96
famine,96
consumed,96
suffer,96
nevertheless,96
saints,96
doeth,96
shekels,96
mind,95
declare,95
foot,95
thither,95
hour,94
destruction,94
caused,94
just,94
stead,94
threescore,93
remnant,92
ahab,92
going,92
committed,92
top,91
understand,91
ammon,91
write,91
canaan,91
removed,91
bed,90
prison,90
prophesy,90
carry,90
wash,89
labour,89
glad,89
knowest,89
pillars,89
pharisees,89
sound,89
breadth,89
pit,88
esau,88
noise,88
increase,88
sick,88
alive,88
reproach,88
greatly,87
hate,87
company,86
fourth,86
vanity,86
early,86
edom,86
ass,86
follow,86
garment,86
never,86
rod,86
drew,85
raised,85
last,85
fast,85
jehoshaphat,84
ruler,84
daniel,84
poured,84
mothers,83
lambs,83
hide,82
fulfilled,82
abide,82
blind,82
trespass,82
strangers,82
army,82
pitched,82
sleep,82
sold,82
faithful,82
continually,81
atonement,81
thought,81
prepare,81
hearkened,81
rich,81
tenth,81
true,81
taught,81
rivers,81
feed,81
matter,80
eight,80
reward,80
rulers,80
heed,80
abroad,80
flocks,80
sacrifices,79
bringeth,79
fallen,79
souls,79
vision,79
ones,79
messengers,79
remain,79
healed,79
amen,78
sware,78
rams,78
bowed,78
skin,77
length,77
church,77
greater,77
hill,76
precious,76
abominations,76
wings,76
passover,76
strange,76
forsaken,76
draw,76
abomination,76
sign,76
testimony,76
moved,75
commit,75
branches,75
white,75
syria,75
plain,75
selah,75
affliction,75
villages,75
reuben,74
except,74
feared,74
speaketh,74
eleazar,74
served,74
taketh,74
behind,74
established,74
dream,74
shadow,73
table,73
clothed,73
faces,73
brake,73
shouldest,73
thanks,73
prey,73
hebron,73
amorites,73
whence,72
dan,72
cover,72
levi,72
gad,72
cursed,72
whereof,72
galilee,72
images,72
aside,72
doors,71
lebanon,71
scattered,71
devour,71
dry,71
stretched,71
run,71
womb,71
defiled,71
ship,71
wept,71
reason,71
since,70
appeared,70
cease,70
favour,70
youth,70
worshipped,70
scribes,70
fury,70
sanctify,70
read,70
indeed,70
sorrow,70
elijah,69
west,69
others,69
obey,69
abode,69
simon,69
vineyard,69
burden,69
divided,69
measure,69
upright,68
abundance,68
cup,68
troubled,68
secret,68
worthy,68
led,68
consider,67
killed,67
grave,67
hither,67
blessing,67
arm,67
acts,67
horns,67
beseech,67
kindled,66
rule,66
chambers,66
fool,66
rent,66
comfort,66
tents,66
afterward,66
crown,66
wast,66
hills,66
chaldeans,66
bethel,66
walls,66
thereon,66
golden,66
streets,65
think,65
loveth,65
cherubims,65
prayed,65
soon,65
deep,65
few,65
waste,64
abimelech,64
fought,64
ox,64
parts,64
fail,64
exalted,64
howbeit,64
false,64
hair,64
chariot,64
jericho,64
asses,64
daily,63
judged,63
baal,63
loins,63
smitten,63
hurt,63
pour,63
treasures,62
shechem,62
neck,62
speaking,62
grass,62
pleased,62
rather,62
fifth,62
dominion,62
thousands,62
abner,62
sanctified,62
inherit,62
coast,62
vine,62
wrote,62
height,62
blemish,62
always,62
redeemed,62
household,61
watch,61
order,61
pleasure,61
trumpet,61
ran,61
baptized,61
unleavened,61
devil,61
zedekiah,61
syrians,61
upward,61
apostles,61
harvest,61
preached,61
seventy,61
journey,60
damascus,60
burning,60
deal,60
nebuchadnezzar,60
swear,60
lead,60
job,60
despised,60
evening,60
next,60
loud,60
hated,60
balaam,60
once,59
yoke,59
lieth,59
endureth,59
asa,59
jehu,59
fields,59
oath,59
escape,59
months,59
raise,59
free,59
governor,59
horsemen,59
gift,59
bashan,59
choose,59
captive,59
seat,58
exceeding,58
weight,58
officers,58
forsake,58
lived,58
escaped,58
flour,58
elisha,58
mordecai,58
habitation,58
dwelleth,58
named,57
nakedness,57
thoughts,57
remembered,57
violence,57
almighty,57
dealt,57
lying,57
kingdoms,57
raiment,57
drive,57
pleasant,57
forgive,56
pilate,56
redeem,56
person,56
slaughter,56
honey,56
buy,56
consume,56
eateth,56
persons,56
tables,56
iniquities,56
season,56
edge,56
mingled,55
countries,55
haste,55
nay,55
standing,55
spoiled,55
satan,55
fowls,55
canaanites,55
devils,55
immediately,55
graven,55
wonders,55
observe,55
food,55
altars,55
dost,55
appear,54
afflicted,54
forget,54
queen,54
beyond,54
foundation,54
sepulchre,54
abram,54
seeth,54
sockets,54
hell,54
savour,54
whoso,54
esther,54
mary,54
red,53
davids,53
josiah,53
remained,53
signs,53
judges,53
gifts,53
devoured,53
promise,53
friend,53
camels,53
countenance,53
fair,53
beheld,53
shed,52
enquire,52
dwelling,52
chamber,52
ephod,52
terrible,52
held,52
lions,52
foolish,52
zadok,52
scribe,52
jehoiada,52
heareth,52
garden,52
scarlet,52
trumpets,51
talents,51
each,51
lies,51
wheat,51
goodness,51
home,51
afar,51
delight,51
risen,51
charged,51
doings,51
knowing,51
stars,51
transgression,51
too,51
remembrance,51
past,51
cedar,51
coasts,51
moon,51
tarry,51
ends,51
canst,51
doctrine,51
instruments,51
noah,51
ourselves,51
laban,51
mourning,51
naphtali,50
prophesied,50
rehoboam,50
guard,50
builded,50
confounded,50
widow,50
teeth,50
neighbours,50
desired,50
stretch,50
thorns,50
blue,50
suffered,50
former,50
haman,50
simeon,50
itself,50
glorified,50
nine,50
thrust,50
substance,50
preach,50
prosper,49
slept,49
bind,49
assembly,49
driven,49
fill,49
decree,49
clouds,49
touched,49
divide,49
increased,49
beauty,49
wroth,49
pride,49
azariah,49
parable,49
staves,49
fools,49
speech,49
belly,49
witnesses,49
joash,49
need,49
weep,49
friends,49
purple,48
palace,48
sinners,48
sodom,48
transgressions,48
pharaohs,48
milk,48
search,48
proud,48
bullocks,48
touch,48
gibeah,48
promised,48
song,48
kindness,48
tower,48
covering,48
sworn,48
else,48
sides,48
pestilence,47
sixth,47
gladness,47
mischief,47
refuge,47
naked,47
jesse,47
pillar,47
eternal,47
forward,47
ishmael,47
snare,46
entering,46
sackcloth,46
male,46
repent,46
rebuke,46
lands,46
vessel,46
multiply,46
spirits,46
bands,46
desolation,46
conceived,46
keepeth,46
office,46
forgotten,46
goest,46
low,46
interpretation,46
weak,46
masters,46
tidings,46
measured,46
washed,45
shield,45
rejoiced,45
doest,45
believeth,45
towns,45
utter,45
profit,45
cubit,45
kind,45
met,45
spear,45
handmaid,45
remove,45
mourn,45
created,45
smoke,45
vengeance,45
glorious,45
hard,45
vineyards,45
zebulun,45
multiplied,44
weeping,44
angry,44
rings,44
besought,44
establish,44
mercies,44
james,44
bought,44
compassed,44
issachar,44
wild,44
repaired,44
root,44
dark,43
piece,43
joined,43
flood,43
fatherless,43
armies,43
duke,43
sitting,43
forasmuch,43
following,43
holiness,43
judaea,43
horse,43
synagogue,43
shekel,43
shepherd,43
captives,43
asher,43
justified,43
kid,43
ashes,43
borders,43
staff,43
satisfied,43
uncircumcised,43
ahaz,42
benaiah,42
changed,42
weary,42
nathan,42
posts,42
rachel,42
seeketh,42
provoke,42
perform,42
straightway,42
desert,42
sitteth,42
awake,42
fruits,42
forgiven,42
latter,42
paths,42
balak,42
shimei,42
breath,42
talked,42
herself,42
plant,42
truly,42
goods,42
age,42
finished,42
vow,41
resurrection,41
compassion,41
either,41
fig,41
declared,41
sure,41
obeyed,41
boards,41
appoint,41
gilgal,41
indignation,41
shemaiah,41
walketh,41
fierce,41
bosom,41
faint,41
arrows,41
suddenly,41
green,41
spare,40
salt,40
uncleanness,40
eastward,40
merciful,40
polluted,40
grieved,40
herod,40
harlot,40
shepherds,40
counted,40
beaten,40
heavy,40
heal,40
sayest,40
damsel,40
toucheth,40
chronicles,40
zechariah,40
adultery,40
exceedingly,40
issue,40
restore,40
amaziah,40
candlestick,40
cleansed,39
brook,39
possessed,39
defile,39
molten,39
whereby,39
net,39
compass,39
ephah,39
manifest,39
blow,39
bury,39
midian,39
strengthened,39
salute,39
seir,39
bowels,39
rising,39
please,39
supplication,39
leprosy,39
air,39
instead,39
merari,39
ships,39
planted,39
tender,39
least,39
bondage,39
measures,39
eighth,39
hearing,39
shake,39
dried,39
corners,39
plead,39
bethlehem,39
quickly,39
thick,39
lawful,39
circumcised,39
gideon,39
strife,39
porch,39
doing,39
pay,39
wouldest,38
passeth,38
hail,38
forest,38
serpent,38
grievous,38
oh,38
needy,38
appearance,38
scatter,38
grow,38
fenced,38
bitter,38
writing,38
empty,38
singers,38
heap,38
vail,38
heshbon,38
pursued,38
mark,38
visit,38
olive,38
revealed,38
bars,38
steps,38
innocent,38
shoulder,38
sarah,38
girdle,38
confidence,38
continue,38
oppressed,38
diligently,37
sinai,37
letter,37
palm,37
branch,37
ministered,37
grapes,37
authority,37
tribute,37
inner,37
waxed,37
churches,37
despise,37
tyre,37
understood,37
saviour,37
dew,37
sow,37
crucified,37
divers,37
worketh,37
ahaziah,37
therewith,37
remaineth,37
valour,37
treasure,37
caught,37
corner,37
sihon,37
assembled,37
folly,37
prevailed,37
digged,37
receiveth,37
gibeon,37
jehoiakim,37
barley,37
chains,37
lamps,37
building,37
forbid,37
testimonies,36
tears,36
horn,36
shout,36
ramah,36
comforted,36
purpose,36
ai,36
broad,36
afflict,36
seest,36
12,36
brothers,36
samson,36
circumcision,36
maid,36
nought,36
jezreel,36
notwithstanding,36
beat,36
twentieth,36
fornication,36
rebellious,36
adversaries,36
tongues,36
fourscore,36
street,36
sealed,36
waited,35
oblation,35
silence,35
ordained,35
epistle,35
overlaid,35
anoint,35
statute,35
sell,35
goat,35
use,35
means,35
sabbaths,35
wounded,35
perceived,35
course,35
fish,35
fruitful,35
respect,34
residue,34
ninth,34
astonished,34
hamath,34
beersheba,34
patience,34
letters,34
messenger,34
array,34
enquired,34
transgressed,34
rebelled,34
gavest,34
deceived,34
deceit,34
excellent,34
eli,34
hired,34
likeness,34
jealousy,34
carcase,34
goodly,33
shiloh,33
isaiah,33
profane,33
distress,33
bodies,33
cunning,33
wheels,33
judas,33
add,33
henceforth,33
philip,33
sojourn,33
refused,33
drunken,33
porters,33
formed,33
fountain,33
herds,33
girded,33
sacrificed,33
tread,33
corrupt,33
encamped,33
apostle,33
palaces,33
deeds,33
lad,33
virgin,33
separated,33
journeyed,33
reed,33
philistine,33
continual,33
stay,33
looketh,33
cleanse,33
price,33
instruction,33
render,33
turneth,33
hilkiah,33
inhabitant,33
clay,33
lost,33
ceased,33
provoked,33
flame,33
withal,33
asaph,33
whereas,33
hardened,33
causeth,32
scripture,32
feasts,32
peradventure,32
shittim,32
members,32
gath,32
loosed,32
tarried,32
sown,32
whoredoms,32
foundations,32
memorial,32
enough,32
learn,32
inhabited,32
separate,32
room,32
kohath,32
caleb,32
gedaliah,32
loaves,32
wave,32
greatness,32
firstfruits,32
males,32
sheba,32
strengthen,32
abundantly,32
punish,32
shine,32
jew,32
willing,32
repented,32
heat,32
valiant,32
reap,32
execute,32
younger,31
sauls,31
widows,31
stayed,31
sakes,31
fowl,31
hateth,31
due,31
ahasuerus,31
sayings,31
curtains,31
nebuchadrezzar,31
gracious,31
thirst,31
hot,31
dismayed,31
crying,31
line,31
fed,31
sprinkle,31
quiet,31
want,31
aarons,31
cave,31
fetch,31
conscience,31
travail,31
answering,31
already,31
spices,31
certainly,31
borne,31
hungry,30
heritage,30
armed,30
ordinance,30
along,30
cleave,30
determined,30
pity,30
report,30
abiathar,30
abideth,30
drunk,30
pluck,30
standeth,30
elias,30
soldiers,30
vows,30
furnace,30
provinces,30
married,30
gain,30
hence,30
touching,30
shaphan,30
harp,30
knees,30
nobles,30
making,30
putteth,30
record,30
adam,30
preserve,30
cherub,30
regard,30
looking,30
yield,30
windows,30
honourable,30
walking,30
dieth,30
tabernacles,30
calleth,30
hanged,30
bright,29
terror,29
require,29
trusted,29
nun,29
merchants,29
testify,29
disciple,29
royal,29
leah,29
creature,29
praises,29
creeping,29
brasen,29
tremble,29
pursue,29
howl,29
singing,29
altogether,29
jephthah,29
wholly,29
persia,29
dumb,29
continued,29
comest,29
accepted,29
endure,29
loose,29
micah,29
rejected,29
solemn,29
giving,29
heave,29
barnabas,29
prevail,29
majesty,29
jeshua,29
nazareth,29
calf,29
joram,29
arms,29
business,29
chose,29
hananiah,29
anointing,28
happy,28
rejoicing,28
falleth,28
roll,28
114,28
thief,28
straight,28
justice,28
merry,28
perpetual,28
rebekah,28
lives,28
obtained,28
uttermost,28
dung,28
charity,28
humbled,28
sand,28
baasha,28
beneath,28
breastplate,28
whithersoever,28
seemeth,28
spiritual,28
kindred,28
camest,28
elam,28
levite,28
drawn,28
cross,28
thanksgiving,28
confess,28
apparel,28
beware,28
bird,28
hundreds,28
grew,28
valleys,28
covereth,27
breasts,27
whirlwind,27
findeth,27
language,27
whereunto,27
punishment,27
liberty,27
lodge,27
less,27
fellow,27
miracles,27
gird,27
summer,27
workers,27
province,27
fishes,27
isles,27
ordinances,27
ointment,27
benhadad,27
trodden,27
lame,27
johanan,27
preaching,27
ezra,27
wealth,27
space,27
thank,27
eating,27
whereon,27
restored,27
ungodly,27
deceive,27
begin,27
uzziah,27
shallum,27
uriah,27
perished,26
recompense,26
macedonia,26
guilty,26
curtain,26
accomplished,26
makest,26
excellency,26
worse,26
lots,26
hebrew,26
repentance,26
swallowed,26
separation,26
coals,26
cords,26
ministers,26
praised,26
evermore,26
fourteen,26
robe,26
sisters,26
grief,26
running,26
baruch,26
bonds,26
kissed,26
count,26
korah,26
hittite,26
westward,26
carmel,26
trembling,26
wrong,26
dogs,26
refuse,26
seal,26
birds,26
waves,26
exalt,26
finger,26
confusion,26
lovingkindness,26
change,26
ancient,26
uncover,26
double,26
goings,26
synagogues,26
adonijah,26
14,26
zeruiah,26
timber,26
withered,25
offended,25
persecute,25
upper,25
115,25
prove,25
plains,25
beareth,25
maaseiah,25
abishai,25
offend,25
burdens,25
cakes,25
sprinkled,25
nebat,25
jewels,25
fulness,25
tempted,25
husbands,25
best,25
joyful,25
rebuked,25
arnon,25
pain,25
gotten,25
willingly,25
accept,25
store,25
fro,25
amnon,25
figs,25
courts,25
solomons,25
humble,25
teaching,25
spot,25
lamentation,25
wound,25
coat,25
fly,25
meshullam,25
glorify,25
perceive,25
somewhat,25
seas,25
darius,25
inward,25
fourteenth,25
jebusites,25
sharp,25
displeased,25
phinehas,25
wax,24
boaz,24
usury,24
eleven,24
kine,24
lose,24
ninety,24
oppression,24
mens,24
marvellous,24
tithes,24
talk,24
tarshish,24
prayers,24
void,24
fulfil,24
calling,24
female,24
forsook,24
lachish,24
deny,24
midianites,24
plagues,24
testified,24
tamar,24
bringing,24
apart,24
precepts,24
contrary,24
multitudes,24
visions,24
dedicated,24
bowls,24
hunger,24
northward,24
snow,24
groves,24
prudent,24
lusts,24
condemn,24
swords,24
armour,24
helped,24
err,24
amalekites,24
form,24
jotham,24
fifteen,24
amalek,24
begotten,24
cedars,24
skins,24
fame,24
southward,24
visited,23
oppress,23
abominable,23
matters,23
roar,23
barren,23
treacherously,23
marvelled,23
alway,23
basket,23
path,23
killeth,23
jehoahaz,23
grown,23
estimation,23
namely,23
governors,23
mizpeh,23
blew,23
16,23
ammonites,23
rocks,23
mention,23
jehoram,23
eagle,23
egyptian,23
winds,23
pronounce,23
swallow,23
mizpah,23
wickedly,23
stirred,23
cyrus,23
hazael,23
lovers,23
acceptable,23
virgins,23
heavenly,23
pomegranates,23
besieged,23
bridegroom,23
spring,23
hire,23
guide,23
twelfth,23
plucked,23
proclaim,23
council,23
shields,23
hasted,23
216,23
beautiful,23
sixteen,23
leaven,23
astray,22
required,22
marry,22
ministry,22
companions,22
stoned,22
eighteen,22
22,22
defence,22
mourned,22
taste,22
overcome,22
steal,22
bearing,22
seem,22
hittites,22
jezebel,22
pool,22
hiram,22
machir,22
carcases,22
used,22
13,22
naboth,22
saidst,22
learned,22
hadst,22
pledge,22
concubine,22
pot,22
moment,22
josephs,22
tyrus,22
212,22
og,22
shoes,22
adversary,22
jubile,22
mean,22
discovered,22
bitterness,22
shaken,22
merchandise,22
mystery,22
grant,22
sorrows,22
zerubbabel,22
baptism,22
hallowed,22
strive,22
graves,22
vexed,22
reckoned,22
brightness,22
partakers,22
herd,22
hin,22
setteth,22
hebrews,22
whoredom,22
forbear,22
ekron,22
ward,22
breach,22
sinneth,22
mad,22
tribulation,22
casting,21
twined,21
scriptures,21
wonderful,21
112,21
sisera,21
bethshemesh,21
fir,21
amazed,21
greatest,21
astonishment,21
dreams,21
36,21
safely,21
drinking,21
ashdod,21
caesar,21
ended,21
sawest,21
thereby,21
corruption,21
weapons,21
thigh,21
zidon,21
asunder,21
trembled,21
condemned,21
common,21
release,21
sum,21
openeth,21
wit,21
stronger,21
keeper,21
deceitful,21
rested,21
ithamar,21
sinner,21
achish,21
asia,21
unrighteousness,21
occasion,21
supplications,21
husbandmen,21
prophecy,21
mocked,21
116,21
113,21
falsely,21
further,21
lodged,21
counsellors,21
equal,21
joel,21
lament,21
kish,21
magnified,21
holds,21
euphrates,21
seer,21
performed,21
recover,21
theirs,21
keepers,21
shushan,21
sort,21
shoot,21
obadiah,21
32,21
froward,21
hypocrites,21
esaias,21
large,21
parents,21
higher,21
choice,21
elkanah,21
214,20
custom,20
persecuted,20
laws,20
simple,20
searched,20
care,20
nadab,20
eliab,20
gat,20
habitations,20
ahijah,20
215,20
eunuchs,20
nethaniah,20
proverb,20
murderer,20
sheweth,20
praying,20
naomi,20
redemption,20
swift,20
elder,20
roots,20
executed,20
persuaded,20
feareth,20
inwards,20
pasture,20
bottom,20
taking,20
roof,20
fiery,20
perverse,20
cain,20
prisoners,20
entereth,20
alas,20
feeble,20
shoulders,20
heaps,20
kiss,20
smell,20
centurion,20
dreamed,20
whomsoever,20
aloud,20
working,20
harps,20
recompence,20
seraiah,20
ahikam,20
obededom,20
boast,20
jonah,20
ease,20
eden,20
tried,20
eleventh,20
ethiopia,20
courage,20
315,20
songs,20
secretly,20
maker,20
sickness,20
flower,20
assemble,20
belongeth,20
foolishness,20
envy,20
thereto,20
insomuch,20
ahithophel,20
conversation,20
transgressors,20
abijah,20
accursed,20
ride,20
stir,20
magnify,19
instructed,19
league,19
deed,19
mightest,19
33,19
herb,19
dwellest,19
calamity,19
bottles,19
hazor,19
mouths,19
pitch,19
faileth,19
vile,19
uprightness,19
hang,19
haran,19
moabites,19
slayer,19
stumble,19
speedily,19
kindle,19
force,19
safety,19
fault,19
murmured,19
marriage,19
despiseth,19
zerah,19
25,19
manna,19
band,19
222,19
denied,19
purposed,19
bone,19
lust,19
childrens,19
whoring,19
hitherto,19
jacobs,19
drank,19
darkened,19
abrahams,19
thrown,19
heifer,19
thunder,19
betrayed,19
den,19
faithfulness,19
offence,19
reprove,19
abhor,19
floods,19
ramothgilead,19
committeth,19
rend,19
conspired,19
approach,19
abound,19
descended,19
spent,19
bond,19
ascended,19
leaves,19
laboured,19
subdued,19
gaza,19
suck,19
gomorrah,19
jealous,19
overthrow,19
deals,19
cruel,19
dragon,19
legs,19
covetousness,19
amon,19
request,19
antioch,19
clothing,19
cold,18
omri,18
dove,18
burneth,18
redeemer,18
gershon,18
highest,18
familiar,18
125,18
communed,18
standard,18
watchman,18
cloth,18
ah,18
micaiah,18
breast,18
intreated,18
rage,18
black,18
kidneys,18
fifteenth,18
nights,18
layeth,18
boughs,18
bathe,18
fetched,18
bade,18
bad,18
stricken,18
laugh,18
betray,18
sounded,18
basons,18
christs,18
maachah,18
herbs,18
sorrowful,18
maidens,18
stubble,18
calves,18
breaking,18
hangings,18
rejoiceth,18
succoth,18
nineveh,18
fastened,18
hanging,18
hooks,18
38,18
middle,18
28,18
manoah,18
armourbearer,18
lower,18
tempest,18
courses,18
tirzah,18
floor,18
kirjathjearim,18
baalim,18
necks,18
ignorance,18
23,18
played,18
libnah,18
keilah,18
shewbread,18
hatred,18
presented,18
michal,18
turning,18
heir,18
wages,18
asahel,18
34,18
israelites,18
124,18
vowed,18
nabal,18
youngest,18
perizzites,18
backward,18
nethinims,18
base,18
firmament,17
threshingfloor,17
leper,17
dwellings,17
caesarea,17
siege,17
uttered,17
17,17
acknowledge,17
hewn,17
uncovered,17
fasting,17
charger,17
belial,17
pertained,17
longer,17
elishama,17
punished,17
melt,17
bid,17
stature,17
publicans,17
meek,17
desireth,17
fellowship,17
depths,17
timotheus,17
freewill,17
hezron,17
whereupon,17
horeb,17
crieth,17
quenched,17
avenge,17
gathereth,17
bowl,17
122,17
try,17
twain,17
grove,17
estate,17
victuals,17
wells,17
judgeth,17
voices,17
flowers,17
jehoash,17
lewdness,17
putting,17
play,17
oracle,17
casteth,17
speakest,17
publish,17
account,17
anguish,17
shot,17
eliashib,17
123,17
weighed,17
frankincense,17
freely,17
shore,17
prosperity,17
shem,17
towers,17
divisions,17
kadesh,17
spears,17
subject,17
torn,17
twice,17
breaketh,17
42,17
otherwise,17
discern,17
elect,17
athaliah,17
trusteth,17
ephesus,17
concubines,17
filthy,17
19,17
ignorant,17
myrrh,17
unjust,17
bondmen,17
health,17
row,17
stripes,17
thirsty,17
overtake,17
principal,17
35,17
drinketh,17
companies,17
elah,17
ham,17
fatness,17
board,17
abigail,17
hidden,17
anathoth,16
45,16
parables,16
bloody,16
asleep,16
forehead,16
tumult,16
clothe,16
devices,16
uncircumcision,16
lend,16
reubenites,16
15,16
priesthood,16
412,16
sepulchres,16
earthquake,16
beard,16
candle,16
heman,16
exhort,16
211,16
mattaniah,16
rabshakeh,16
teacheth,16
straw,16
preserved,16
crucify,16
amariah,16
overthrown,16
minds,16
hivites,16
filthiness,16
considered,16
content,16
highway,16
blasphemed,16
incline,16
earnestly,16
avenged,16
92,16
swine,16
thieves,16
bases,16
aroer,16
accord,16
chapiters,16
accuse,16
hinder,16
roaring,16
footstool,16
hur,16
maidservant,16
soever,16
forces,16
dragons,16
ner,16
naaman,16
seemed,16
comely,16
musick,16
amasa,16
arrow,16
kinsman,16
jephunneh,16
temptation,16
obedient,16
jehiel,16
portions,16
hideth,16
111,16
greet,16
boil,16
convocation,16
213,16
longsuffering,16
proclaimed,16
locusts,16
rows,16
ziba,16
deliverance,16
unbelief,16
reserved,16
cymbals,16
integrity,16
wasted,16
devise,16
betwixt,16
scorn,16
abel,16
zeal,16
springs,16
window,16
wailing,16
capernaum,16
pardon,16
harm,16
needs,16
abhorred,16
stuff,16
sarai,16
uzziel,16
although,16
bald,16
artaxerxes,15
star,15
dukes,15
increaseth,15
olives,15
locks,15
mire,15
privily,15
fingers,15
cart,15
eliezer,15
thirteen,15
fortress,15
nostrils,15
shouting,15
110,15
dog,15
possible,15
126,15
vex,15
eliakim,15
obtain,15
miriam,15
mephibosheth,15
zimri,15
sailed,15
nest,15
hallow,15
builders,15
nebuzaradan,15
catch,15
kohathites,15
serpents,15
godly,15
bani,15
sojourneth,15
minded,15
consent,15
ahitub,15
soweth,15
reproached,15
312,15
ahimaaz,15
slow,15
135,15
mirth,15
thrice,15
beholding,15
weeks,15
oak,15
beam,15
ahimelech,15
stolen,15
deaf,15
eliphaz,15
visitation,15
becometh,15
falling,15
rods,15
slothful,15
fasted,15
wars,15
birth,15
brooks,15
michael,15
stopped,15
purge,15
testament,15
winepress,15
blameless,15
reach,15
genealogy,15
clear,15
added,15
openly,15
bottle,15
profaned,15
pull,15
shortly,15
diligent,15
nether,15
hairs,15
ill,15
shadrach,15
derision,15
fountains,15
meshach,15
abednego,15
reins,15
nahor,15
disease,15
followeth,15
idol,15
lack,15
ziklag,15
regardeth,15
intreat,15
wounds,15
sceptre,15
selfsame,15
29,15
wonder,15
proved,15
colt,15
baskets,15
arches,15
drop,15
wide,15
terrors,15
proceed,15
trespassed,15
pots,15
223,15
noon,15
shewing,15
brimstone,15
goshen,15
sendeth,15
breaches,15
offereth,15
rode,15
lazarus,15
sixty,15
reproof,15
entry,15
region,15
wondrous,15
often,15
poverty,15
pressed,15
snares,15
hashabiah,15
wheel,15
wondered,15
godliness,15
laver,15
consolation,15
magicians,15
tobiah,15
granted,15
stick,14
firstling,14
chaldees,14
clave,14
tempt,14
bank,14
wearied,14
consecrate,14
gadites,14
127,14
82,14
placed,14
scall,14
amram,14
pattern,14
shave,14
leadeth,14
prolong,14
transgress,14
teachers,14
falsehood,14
pashur,14
rebel,14
groweth,14
state,14
medes,14
leavened,14
ornaments,14
favoured,14
surety,14
vexation,14
remaining,14
rewarded,14
spies,14
coats,14
wander,14
consecrated,14
meekness,14
psalteries,14
riseth,14
colour,14
greeks,14
sending,14
creepeth,14
shouted,14
healing,14
storm,14
chaff,14
subjection,14
crooked,14
conceive,14
frogs,14
liver,14
414,14
whore,14
lightnings,14
repair,14
badgers,14
gall,14
hushai,14
sorry,14
powers,14
counsellor,14
nethaneel,14
wisely,14
67,14
furthermore,14
worm,14
destroying,14
ruth,14
eldest,14
26,14
baptist,14
118,14
barak,14
canaanite,14
rimmon,14
blasphemy,14
questions,14
seeking,14
62,14
titus,14
pronounced,14
meditate,14
iddo,14
gershom,14
winter,14
bestowed,14
accused,14
talent,14
sidon,14
wrapped,14
oppressor,14
fellows,14
heth,14
spreadeth,14
effect,14
heaviness,14
threshold,14
expectation,14
reacheth,14
hereafter,14
corrupted,14
bride,14
delighteth,14
banquet,14
midnight,14
bethhoron,14
910,14
contend,14
debir,14
jeduthun,14
bidden,14
purify,14
amorite,14
jerubbaal,14
imagination,14
tithe,14
wool,14
token,14
hadad,14
410,14
supper,14
wentest,14
enjoy,14
purged,14
question,14
outward,14
jebusite,14
join,14
sadducees,14
bows,14
ruleth,14
plenty,13
delivereth,13
lighted,13
companion,13
blot,13
wing,13
smiteth,13
confirmed,13
chapiter,13
move,13
nets,13
prospered,13
66,13
diseases,13
ruled,13
52,13
amoz,13
lightning,13
reverence,13
oft,13
liar,13
drave,13
doves,13
313,13
99,13
ephron,13
profitable,13
martha,13
510,13
mightier,13
strove,13
afflictions,13
wist,13
commandeth,13
giants,13
24,13
accomplish,13
disobedient,13
melted,13
consulted,13
flow,13
broughtest,13
owner,13
sennacherib,13
vinegar,13
fully,13
ivory,13
laughed,13
andrew,13
reigneth,13
obed,13
hannah,13
chased,13
petition,13
sufficient,13
labours,13
abinadab,13
hermon,13
behalf,13
ago,13
garrison,13
psaltery,13
mahanaim,13
310,13
safe,13
fashion,13
ascend,13
palsy,13
mitre,13
amminadab,13
overlay,13
town,13
chain,13
natural,13
eglon,13
confirm,13
422,13
bela,13
nebo,13
mantle,13
loops,13
candlesticks,13
assyrian,13
tear,13
ethiopians,13
inclined,13
robbed,13
festus,13
edomites,13
eber,13
hinnom,13
carved,13
passing,13
rabbah,13
dungeon,13
laying,13
promises,13
gezer,13
boldly,13
27,13
possessions,13
vanities,13
doubt,13
hewed,13
cleaveth,13
afterwards,13
abundant,13
prisoner,13
answereth,13
steward,13
controversy,13
kareah,13
troop,13
flourish,13
quicken,13
week,13
lamp,13
silas,13
ophir,13
dig,13
cake,13
rechab,13
ransom,13
sacks,13
joppa,13
error,13
hereby,13
overflow,13
short,13
heber,13
alms,13
jedaiah,13
discover,12
37,12
geba,12
hiss,12
skirt,12
merchant,12
mock,12
offspring,12
oven,12
draweth,12
greek,12
blessings,12
sir,12
officer,12
scourge,12
potters,12
archers,12
pitcher,12
overthrew,12
seasons,12
pharez,12
belonged,12
manservant,12
agrippa,12
watched,12
sojourned,12
reported,12
creatures,12
servile,12
erred,12
audience,12
drove,12
belong,12
sole,12
fierceness,12
purified,12
gehazi,12
stumblingblock,12
heardest,12
caul,12
plenteous,12
givest,12
wear,12
318,12
914,12
backsliding,12
lovest,12
69,12
huram,12
sickle,12
spoons,12
floweth,12
yours,12
nose,12
fainted,12
weaned,12
saving,12
waxen,12
depth,12
39,12
failed,12
accounted,12
221,12
43,12
224,12
troubles,12
desiring,12
trespasses,12
cock,12
ours,12
magdalene,12
spared,12
unawares,12
ornan,12
hew,12
strike,12
foolishly,12
watchmen,12
haggai,12
holes,12
abihu,12
submit,12
victory,12
hole,12
condemnation,12
imagine,12
devised,12
zichri,12
enoch,12
begun,12
jabesh,12
barzillai,12
hagar,12
shephatiah,12
streams,12
rolled,12
ishbosheth,12
hadarezer,12
jonadab,12
spoon,12
thomas,12
hyssop,12
hunt,12
quench,12
purifying,12
cursing,12
evildoers,12
keeping,12
footmen,12
86,12
infirmities,12
reasoned,12
spy,12
delighted,12
lamech,12
holden,12
locust,12
vines,12
hor,12
parted,12
jonas,12
sober,12
mules,12
119,12
briers,12
beams,12
stablish,12
correction,12
zalmunna,12
counsels,12
zebah,12
117,12
nature,12
obedience,12
colours,12
censer,12
peaceably,12
coupled,12
several,12
meal,12
preacher,12
18,12
gardens,12
hanan,12
jabeshgilead,12
happened,12
stream,12
harden,12
esaus,12
uprightly,12
hamor,12
stripped,12
syrian,12
divination,12
earrings,12
wheresoever,12
flowing,12
kedar,12
difference,12
departing,12
anah,12
219,12
shook,12
dagon,12
hoof,12
102,12
94,11
sweareth,11
65,11
barabbas,11
tooth,11
plainly,11
46,11
flying,11
pins,11
japheth,11
cud,11
tops,11
justify,11
guile,11
finish,11
straitly,11
ashtaroth,11
moons,11
divine,11
bag,11
oversight,11
morter,11
wifes,11
bilhah,11
recovered,11
achaia,11
provision,11
published,11
esteemed,11
lowest,11
hoshea,11
arrayed,11
ring,11
onyx,11
bud,11
terah,11
85,11
measuring,11
harim,11
attend,11
besiege,11
riblah,11
kidron,11
lacked,11
beforetime,11
beds,11
robes,11
210,11
612,11
jeiel,11
gog,11
beriah,11
alike,11
heirs,11
warn,11
hanun,11
stroke,11
brutish,11
sentence,11
axe,11
lean,11
speckled,11
entrance,11
610,11
revelation,11
asketh,11
thirteenth,11
defend,11
217,11
perfection,11
kenaz,11
stedfast,11
teman,11
fetters,11
carnal,11
zephaniah,11
enlarged,11
unpunished,11
robbers,11
elihu,11
scorner,11
closed,11
hearest,11
lamented,11
415,11
interpreted,11
distressed,11
megiddo,11
kedesh,11
milcah,11
hoped,11
sad,11
zobah,11
withdraw,11
precept,11
reeds,11
signet,11
exercise,11
maidservants,11
shelah,11
er,11
throughly,11
marvel,11
absent,11
observed,11
bold,11
uzzi,11
mightily,11
intent,11
sang,11
ariseth,11
encamp,11
hanani,11
mahli,11
dishonour,11
413,11
eighteenth,11
speed,11
512,11
close,11
overcometh,11
72,11
tradition,11
post,11
butter,11
106,11
98,11
flax,11
iscariot,11
handle,11
proceedeth,11
homer,11
overflowing,11
similitude,11
waiteth,11
urijah,11
gathering,11
spit,11
eagles,11
rezin,11
172,11
zacharias,11
pharisee,11
remaliah,11
pekah,11
57,11
leaf,11
damnation,11
almost,11
bethany,11
seats,11
workmen,11
acquaintance,11
paran,11
fearful,11
provide,11
torment,11
deceitfully,11
bush,11
521,11
idle,11
understandeth,11
zelophehad,11
wither,11
buckler,11
ruin,11
damsels,11
utmost,11
joah,11
pollute,11
pastures,11
jazer,11
dedan,11
shining,11
mourneth,11
63,11
watered,11
ananias,11
runneth,11
desolations,11
abiram,11
515,11
workman,10
bathsheba,10
haughty,10
devoureth,10
lilies,10
diligence,10
lake,10
murderers,10
44,10
founded,10
lifteth,10
suppose,10
conspiracy,10
aha,10
jeroham,10
assyrians,10
whelps,10
blaspheme,10
ceaseth,10
warned,10
violent,10
scattereth,10
stairs,10
withholden,10
maintain,10
cushi,10
triumph,10
exhortation,10
equity,10
pound,10
uzza,10
saint,10
troubleth,10
hypocrite,10
baanah,10
adversity,10
carpenters,10
slumber,10
satisfy,10
jehoiachin,10
rumour,10
strait,10
presents,10
gained,10
ancients,10
washing,10
poureth,10
stedfastly,10
zebedee,10
owl,10
manifested,10
finding,10
scales,10
sunrising,10
proverbs,10
riding,10
divideth,10
withstand,10
juda,10
astonied,10
uncle,10
resist,10
sanballat,10
kadeshbarnea,10
belteshazzar,10
jair,10
descend,10
madest,10
eliel,10
famous,10
dathan,10
rehob,10
threshing,10
remission,10
maids,10
58,10
glean,10
balances,10
appeareth,10
accusation,10
village,10
quick,10
vintage,10
forthwith,10
cleansing,10
chastise,10
ammihud,10
shelemiah,10
418,10
recompensed,10
infirmity,10
dedication,10
alarm,10
whiles,10
earthen,10
inhabit,10
68,10
lights,10
berechiah,10
311,10
moth,10
tabor,10
boldness,10
deliverer,10
ehud,10
highways,10
whilst,10
potter,10
quietness,10
pigeons,10
millo,10
zidonians,10
spakest,10
reared,10
bethlehemjudah,10
dealeth,10
218,10
ziph,10
adar,10
227,10
59,10
416,10
persecution,10
knewest,10
pervert,10
64,10
neriah,10
nails,10
cheer,10
treadeth,10
secrets,10
128,10
dearly,10
vashti,10
contempt,10
harlots,10
rahab,10
brim,10
liers,10
95,10
513,10
immer,10
zin,10
zoar,10
loss,10
ere,10
nurse,10
sowed,10
jethro,10
wandered,10
314,10
menservants,10
317,10
kindly,10
tail,10
treasuries,10
curious,10
necessity,10
drought,10
wreathen,10
device,10
611,10
apollos,10
miracle,10
enchantments,10
bracelets,10
flies,10
reproved,10
1519,10
hollow,10
1212,10
921,10
reuel,10
guiltless,10
enlarge,10
morsel,10
bulls,10
beor,10
mindful,10
coupling,10
nourished,10
taches,10
attained,10
couple,10
padanaram,10
forefront,10
saddled,10
israels,10
cornelius,10
dipped,10
praising,10
beget,10
direct,10
182,10
aram,10
arphaxad,10
birthright,10
714,10
foursquare,10
gerar,10
circumcise,10
refreshed,10
seventeen,10
228,10
wot,10
psalms,10
violently,10
dispersed,10
sufferings,10
knop,10
bethuel,10
mamre,10
dip,10
overtook,10
196,10
pomegranate,10
kinds,10
915,10
curseth,10
settle,10
deborah,10
dens,9
purchased,9
811,9
bitterly,9
proceeded,9
cheek,9
warred,9
1018,9
sheaves,9
temples,9
malchiah,9
yearly,9
sheaf,9
stocks,9
lifting,9
hivite,9
dread,9
proudly,9
722,9
herein,9
bozrah,9
shebna,9
120,9
boasting,9
hepher,9
forgave,9
requite,9
amos,9
1010,9
press,9
assuredly,9
192,9
unrighteous,9
reapers,9
hireling,9
obeisance,9
withhold,9
cherethites,9
murder,9
wizards,9
49,9
226,9
anakims,9
caesars,9
173,9
castle,9
vale,9
bruised,9
virginity,9
island,9
booths,9
timothy,9
baldness,9
baken,9
knops,9
417,9
covetous,9
shelomith,9
crowns,9
convenient,9
murmurings,9
cruse,9
seekest,9
sapphire,9
twilight,9
araunah,9
throw,9
seethe,9
babes,9
murmur,9
adaiah,9
parched,9
necessary,9
avenger,9
discomfited,9
glass,9
shineth,9
camel,9
preparation,9
woof,9
warp,9
melchisedec,9
810,9
ashkelon,9
refuseth,9
riddle,9
anak,9
162,9
hasty,9
shobal,9
betrothed,9
hormah,9
general,9
rome,9
613,9
ezer,9
132,9
zebadiah,9
contention,9
1417,9
720,9
caiaphas,9
saluted,9
615,9
burst,9
614,9
behaved,9
nazarite,9
shortened,9
regarded,9
nehemiah,9
144,9
mixed,9
labourers,9
244,9
advice,9
2218,9
yesterday,9
hasteth,9
groaning,9
narrow,9
exalteth,9
worth,9
139,9
covert,9
129,9
honoured,9
147,9
silent,9
gaal,9
abiding,9
baths,9
nahshon,9
shealtiel,9
912,9
penny,9
learning,9
913,9
hungred,9
gershonites,9
eyelids,9
deeper,9
handful,9
serveth,9
quarters,9
ministering,9
gileadite,9
wont,9
impossible,9
push,9
leap,9
baptize,9
dibon,9
takest,9
fit,9
bake,9
133,9
expired,9
wagons,9
jobab,9
rained,9
bindeth,9
jozabad,9
durst,9
pangs,9
evils,9
sack,9
honeycomb,9
thinkest,9
fleeth,9
inasmuch,9
fold,9
fleece,9
buildeth,9
copy,9
dreadful,9
rebellion,9
shovels,9
showers,9
defileth,9
treasury,9
intercession,9
helper,9
323,9
befall,9
aged,9
wormwood,9
liken,9
posterity,9
madness,9
considereth,9
fever,9
unknown,9
perisheth,9
thin,9
shoe,9
devout,9
michmash,9
entreated,9
millstone,9
makkedah,9
uttereth,9
ammonite,9
bezaleel,9
hewers,9
treacherous,9
getteth,9
chamberlains,9
thirtieth,9
degrees,9
523,9
mistress,9
refrain,9
defenced,9
316,9
recorder,9
proclamation,9
sion,9
scorpions,9
snared,9
discretion,9
shined,9
thereunto,9
tophet,9
partaker,9
hedge,9
stiffnecked,9
converted,9
prolonged,9
dress,9
talking,9
spoiler,9
tip,9
instruct,9
felix,9
provided,9
patient,9
mule,9
flaming,9
honoureth,9
journeys,9
holding,9
consecration,9
pavement,9
hadadezer,9
affrighted,9
bridle,9
174,9
adulterers,9
hart,9
holdeth,9
poison,9
needlework,9
foreskin,9
point,9
dim,9
prevented,9
thrones,9
gera,9
nahash,9
stamped,9
1117,9
bestow,9
outgoings,8
interpret,8
emptied,8
tares,8
sower,8
53,8
uphold,8
dough,8
aholibamah,8
awoke,8
78,8
curses,8
waiting,8
711,8
fishers,8
tubal,8
flattering,8
ambassadors,8
hastily,8
benjamites,8
hardly,8
meshech,8
jeush,8
prosperous,8
create,8
zibeon,8
721,8
earnest,8
kids,8
bend,8
sprung,8
seth,8
156,8
peaceable,8
supposed,8
instant,8
pursueth,8
balance,8
mareshah,8
doer,8
flight,8
gittite,8
blast,8
reckon,8
stock,8
jahath,8
something,8
perfected,8
prophetess,8
believing,8
followers,8
fan,8
butler,8
commune,8
akkub,8
worms,8
232,8
unless,8
elioenai,8
sail,8
baker,8
shechaniah,8
subdue,8
provocation,8
pertaining,8
diseased,8
419,8
sling,8
censers,8
48,8
104,8
shutteth,8
forgat,8
languisheth,8
apiece,8
edifying,8
teachest,8
gallows,8
arabia,8
adullam,8
accusers,8
ensign,8
aphek,8
stink,8
kenites,8
137,8
astrologers,8
dance,8
furrows,8
judgest,8
1416,8
surnamed,8
blesseth,8
pine,8
surname,8
perdition,8
izhar,8
liars,8
jerahmeel,8
exact,8
154,8
belshazzar,8
feeding,8
withereth,8
geshur,8
dissolved,8
luz,8
hissing,8
purchase,8
yielded,8
revive,8
giant,8
pierced,8
jachin,8
sinful,8
gilboa,8
meats,8
zorah,8
carmi,8
wiser,8
bichri,8
203,8
agreed,8
grain,8
maiden,8
cilicia,8
zabad,8
outside,8
distresses,8
nail,8
rabbi,8
confident,8
instrument,8
134,8
229,8
netophathite,8
comforter,8
manifold,8
temptations,8
azmaveth,8
ramoth,8
righteously,8
foreheads,8
genealogies,8
persecutors,8
abdon,8
weapon,8
chebar,8
books,8
621,8
venison,8
slack,8
repay,8
bent,8
herdmen,8
benjamite,8
817,8
322,8
destroyeth,8
shunammite,8
1211,8
shaking,8
uproar,8
onan,8
jerimoth,8
ethiopian,8
dearth,8
reached,8
kindreds,8
purification,8
case,8
warning,8
approved,8
ittai,8
fearing,8
apple,8
mushi,8
stirreth,8
mishael,8
feedeth,8
ophrah,8
deviseth,8
meaneth,8
magistrates,8
joabs,8
bruise,8
destitute,8
foxes,8
tormented,8
shammah,8
enmity,8
pastors,8
shaphat,8
zaccur,8
rushing,8
longed,8
adah,8
rooted,8
diminish,8
pursuing,8
example,8
cyprus,8
chastened,8
jether,8
awaked,8
262,8
searcheth,8
plow,8
vesture,8
babylons,8
zealous,8
plants,8
endured,8
agag,8
wipe,8
trode,8
sherebiah,8
descending,8
almonds,8
emerods,8
borrow,8
pleasures,8
411,8
edrei,8
1012,8
timnath,8
chemosh,8
heretofore,8
asshur,8
ebal,8
423,8
preserveth,8
76,8
cheweth,8
privately,8
box,8
furniture,8
pedaiah,8
quarter,8
straitened,8
lacking,8
sojourner,8
bondwoman,8
2216,8
152,8
menahem,8
besides,8
embrace,8
620,8
backs,8
handmaids,8
molech,8
raiseth,8
faithfully,8
hasten,8
grape,8
tasted,8
diverse,8
bounds,8
kadmiel,8
covet,8
rob,8
1621,8
sheath,8
penuel,8
soft,8
ouches,8
inclosed,8
lofty,8
mattithiah,8
span,8
pearls,8
leaped,8
uri,8
departeth,8
143,8
146,8
wanting,8
514,8
1313,8
oppressors,8
restrained,8
2217,8
broidered,8
dross,8
powder,8
rehum,8
hearted,8
moveth,8
carrying,8
chiefest,8
reconciliation,8
kin,8
jezreelite,8
persuade,8
54,8
1114,8
beryl,8
trench,8
fillets,8
vial,8
vomit,8
duty,8
perils,8
believest,8
imputed,8
affairs,8
75,8
easier,8
tied,8
kneeled,8
hall,8
entice,8
fifties,8
195,8
disperse,8
gladly,8
helmet,8
warm,8
elisabeth,8
1219,7
soles,7
grasshoppers,7
innumerable,7
walkest,7
1127,7
unprofitable,7
offences,7
careth,7
bar,7
aijalon,7
812,7
provender,7
stretcheth,7
roe,7
spotted,7
83,7
pottage,7
shaven,7
zoan,7
jabbok,7
710,7
wrongfully,7
hinds,7
gnashing,7
bite,7
weakness,7
realm,7
evidence,7
109,7
lightly,7
robbery,7
skirts,7
bethsaida,7
debt,7
ministration,7
changes,7
rough,7
network,7
fadeth,7
beheaded,7
pertaineth,7
ringstraked,7
laish,7
eggs,7
shishak,7
asking,7
sorts,7
tetrarch,7
tokens,7
dear,7
fragments,7
aileth,7
202,7
717,7
javan,7
diviners,7
craftsmen,7
155,7
speeches,7
crow,7
worshippers,7
mentioned,7
fret,7
1218,7
138,7
suffice,7
dividing,7
chaldea,7
918,7
ewe,7
occupied,7
useth,7
palms,7
wanteth,7
got,7
shaul,7
sycomore,7
beelzebub,7
elnathan,7
grind,7
veil,7
thunders,7
skill,7
105,7
cush,7
laadan,7
commend,7
pen,7
daubed,7
thorn,7
sirs,7
thread,7
languages,7
dropped,7
74,7
binnui,7
hammer,7
sprang,7
outcasts,7
1420,7
bough,7
returneth,7
simons,7
rider,7
creep,7
shebaniah,7
77,7
careful,7
selves,7
618,7
blindness,7
scrip,7
market,7
zippor,7
hearth,7
puttest,7
javelin,7
dash,7
723,7
1017,7
receiving,7
stephen,7
groan,7
shaketh,7
michaiah,7
oreb,7
befallen,7
doers,7
220,7
hardness,7
secure,7
achbor,7
ethan,7
2224,7
corruptible,7
housetop,7
childless,7
toes,7
confessed,7
616,7
midwives,7
dinah,7
virtue,7
cornet,7
hastened,7
729,7
message,7
stony,7
121,7
selleth,7
yonder,7
zilpah,7
rooms,7
dishon,7
sincerity,7
peleg,7
pan,7
helpers,7
1617,7
humility,7
certainty,7
seers,7
237,7
lighten,7
715,7
deadly,7
reproacheth,7
feathers,7
dressed,7
figure,7
danger,7
turtledoves,7
reconciled,7
strengtheneth,7
103,7
doubtless,7
agree,7
1311,7
skilful,7
opening,7
1918,7
lawgiver,7
meraioth,7
throat,7
spoilers,7
ornament,7
stooped,7
shinar,7
samaritans,7
settled,7
alienated,7
sunk,7
252,7
wolves,7
scab,7
79,7
forced,7
contain,7
revolted,7
revenger,7
strip,7
uz,7
couch,7
prayeth,7
misery,7
demanded,7
dyed,7
troops,7
mahalaleel,7
uncles,7
raw,7
devoted,7
jasper,7
noble,7
ability,7
value,7
abiezer,7
melteth,7
urim,7
causes,7
firm,7
odours,7
nativity,7
fashioned,7
bethaven,7
ambush,7
customs,7
prevent,7
sittest,7
issued,7
slaying,7
solitary,7
abrams,7
noph,7
eunuch,7
overseer,7
gedor,7
yielding,7
dancing,7
jarmuth,7
sky,7
524,7
islands,7
arioch,7
peculiar,7
1318,7
forgiveness,7
camps,7
womans,7
housetops,7
masons,7
pulled,7
elon,7
dunghill,7
sighing,7
cainan,7
mediator,7
laughter,7
spend,7
axes,7
1113,7
fervent,7
gamaliel,7
serving,7
quiver,7
travaileth,7
hem,7
relieve,7
struck,7
bottomless,7
ripe,7
crushed,7
816,7
clusters,7
maimed,7
saveth,7
beeves,7
2219,7
degree,7
retain,7
othniel,7
55,7
softly,7
garrisons,7
stop,7
swelling,7
ahinoam,7
sleepeth,7
149,7
sunder,7
ravished,7
2112,7
playing,7
telleth,7
eshtaol,7
feasting,7
pelethites,7
workmanship,7
undefiled,7
tossed,7
azekah,7
afore,7
caves,7
kinsmen,7
feel,7
jabin,7
correct,7
dor,7
maon,7
quickened,7
sigh,7
lump,7
foes,7
wedding,7
1213,7
complaint,7
1215,7
honest,7
enos,7
1221,7
1612,7
jeconiah,7
buryingplace,7
sounding,7
drunkenness,7
wastes,7
households,7
mesopotamia,7
humbleth,7
rideth,7
grievously,7
89,7
shone,7
tempting,7
noonday,7
overwhelmed,7
renown,7
lent,7
supposing,7
perfectly,7
hundredfold,7
romans,7
brick,7
havilah,7
pomp,7
plaister,7
welfare,7
razor,7
husbandman,7
destroyer,7
refrained,7
aforetime,7
prophesieth,7
73,7
expedient,7
bill,7
settest,7
ceasing,7
quite,7
1824,7
assurance,7
principalities,7
reveal,7
communication,6
enlightened,6
jael,6
shur,6
clods,6
deserts,6
inherited,6
lepers,6
jared,6
dwelled,6
galatia,6
rewardeth,6
eshcol,6
taanach,6
girdles,6
265,6
calm,6
wandering,6
pleasing,6
bath,6
bonnets,6
drams,6
haply,6
deceiveth,6
firstlings,6
subtilty,6
distributed,6
salutation,6
compelled,6
weigh,6
bay,6
temanite,6
thessalonica,6
821,6
revived,6
highly,6
bigvai,6
seventeenth,6
flattereth,6
thinketh,6
beckoned,6
fairs,6
myrtle,6
blackness,6
porter,6
grate,6
plagued,6
159,6
meditation,6
lasciviousness,6
laden,6
guests,6
oaks,6
manners,6
affection,6
uppermost,6
tappuah,6
leopard,6
prospect,6
persecutest,6
tahath,6
iconium,6
forsaketh,6
2020,6
key,6
reading,6
blasphemies,6
hedges,6
arabians,6
levy,6
184,6
member,6
296,6
1011,6
brotherly,6
820,6
bewail,6
withheld,6
282,6
swim,6
chastening,6
shema,6
cankerworm,6
boat,6
desirous,6
imaginations,6
azrikam,6
remainder,6
furious,6
mandrakes,6
hypocrisy,6
1013,6
hatest,6
thumb,6
chasten,6
retained,6
fort,6
jehohanan,6
waved,6
forts,6
edomite,6
toe,6
peoples,6
agreement,6
1037,6
knife,6
chest,6
2418,6
blotted,6
physician,6
seeds,6
bondman,6
pertain,6
psalm,6
malchijah,6
malluch,6
207,6
wolf,6
wert,6
chance,6
physicians,6
battles,6
azel,6
craft,6
divorcement,6
soothsayers,6
bebai,6
frost,6
informed,6
leaveth,6
pahathmoab,6
302,6
295,6
ware,6
troas,6
disquieted,6
lusteth,6
jahaziel,6
wet,6
delaiah,6
exchange,6
tongs,6
twins,6
sendest,6
bountifully,6
delights,6
alexander,6
specially,6
jeopardy,6
shammai,6
byword,6
renewed,6
detestable,6
goliath,6
814,6
withdrew,6
bethshean,6
horrible,6
swifter,6
gibbethon,6
self,6
166,6
tola,6
1121,6
savoury,6
joktan,6
cord,6
rephaim,6
wandereth,6
mortal,6
bereave,6
corinth,6
teareth,6
aquila,6
brink,6
finally,6
332,6
527,6
asaiah,6
plates,6
effectual,6
325,6
heel,6
methuselah,6
cloudy,6
storehouses,6
provoking,6
718,6
fade,6
threw,6
behave,6
lystra,6
wellbeloved,6
memory,6
media,6
patiently,6
incurable,6
creation,6
1913,6
1513,6
kishon,6
commended,6
greedy,6
glittering,6
tenons,6
attain,6
knee,6
salah,6
pleaseth,6
flanks,6
254,6
worshippeth,6
burial,6
ebedmelech,6
doted,6
aholibah,6
holdest,6
gibeonites,6
bereaved,6
bashemath,6
smooth,6
cups,6
drunkards,6
isle,6
crowned,6
2516,6
319,6
2618,6
withdrawn,6
ira,6
56,6
hoofs,6
tekoa,6
rank,6
envied,6
devouring,6
1019,6
928,6
beeroth,6
ahio,6
contended,6
rid,6
516,6
judging,6
unbelieving,6
sink,6
lowly,6
lodging,6
conceal,6
spouse,6
meddle,6
ishi,6
achan,6
520,6
zabdi,6
renew,6
sharon,6
balm,6
castles,6
confession,6
engedi,6
abstain,6
executeth,6
leaned,6
snuffers,6
815,6
pits,6
happeneth,6
exercised,6
pauls,6
expert,6
prophesying,6
roughly,6
eliphelet,6
withstood,6
howling,6
jamin,6
pipes,6
stole,6
pisseth,6
tombs,6
1126,6
defied,6
decked,6
wayfaring,6
pitied,6
ebed,6
hazeroth,6
presumptuously,6
zebul,6
1227,6
talebearer,6
1110,6
division,6
sticks,6
cutteth,6
likened,6
teraphim,6
meremoth,6
chase,6
sorcerers,6
fortify,6
owls,6
amend,6
hiding,6
ariel,6
cephas,6
sodden,6
917,6
babe,6
elim,6
ahiezer,6
quit,6
924,6
blossom,6
dances,6
dying,6
spied,6
caldron,6
navy,6
urged,6
unlearned,6
93,6
629,6
1813,6
philippi,6
unicorn,6
perverseness,6
hosanna,6
escapeth,6
contentions,6
204,6
167,6
filleth,6
beset,6
2122,6
rubies,6
jeshimon,6
needful,6
warmed,6
bedchamber,6
reviled,6
examined,6
ar,6
426,6
2115,6
knit,6
trial,6
discouraged,6
election,6
142,6
246,6
malice,6
spots,6
clap,6
goodman,6
fellowservant,6
mankind,6
kirjatharba,6
appearing,6
talmai,6
abib,6
